,Groceries,Food & Drink,Shopping,Schools,Entertainment,Fitness Facilities,Transportation,Libraries,Goods and Services,Crowded Housing,Health Ins,Poverty,Violent Crime,Property Crime,EduLessThanHS,Unemployment Rate,NTA_Name,NTA_Code,Location
1,0.25,1.0,1.0,1.0,1.0,1.0,1.0,0.05,1.0,0.032,0.93,0.1,0.017,0.07400000000000001,0.022000000000000002,0.054000000000000006,Brooklyn Heights,BK09,"{'lat': 41.42533, 'lng': -81.68818}"
2,0.0,1.0,1.0,0.0,0.2,1.0,0.35,0.0,1.0,0.032,0.93,0.1,0.017,0.07400000000000001,0.022000000000000002,0.054000000000000006,Cobble Hill,BK09,"{'lat': 48.68293, 'lng': -123.60264}"
3,1.0,1.0,1.0,1.0,1.0,1.0,1.0,0.2,1.0,0.054000000000000006,0.9279999999999999,0.166,0.03,0.095,0.126,0.106,Sheepshead Bay,BK17,"{'lat': 40.59122, 'lng': -73.94458}"
4,1.0,1.0,1.0,1.0,1.0,1.0,1.0,0.2,1.0,0.054000000000000006,0.9279999999999999,0.166,0.03,0.095,0.126,0.106,Gerritsen Beach,BK17,"{'lat': 40.58694, 'lng': -73.92279}"
5,1.0,1.0,1.0,1.0,1.0,1.0,1.0,0.25,1.0,0.054000000000000006,0.9279999999999999,0.166,0.03,0.095,0.126,0.106,Manhattan Beach,BK17,"{'lat': 33.88474, 'lng': -118.41091}"
6,0.1,1.0,1.0,0.35,0.75,1.0,0.95,0.05,1.0,0.129,0.88,0.281,0.040999999999999995,0.095,0.121,0.079,Brighton Beach,BK19,"{'lat': 32.21548, 'lng': -80.84844}"
7,0.0,1.0,0.35,0.55,0.3,1.0,0.25,0.0,1.0,0.062,0.9109999999999999,0.371,0.068,0.155,0.28600000000000003,0.2,Seagate,BK21,"{'lat': 34.20934, 'lng': -77.84359}"
8,1.0,1.0,1.0,1.0,1.0,1.0,1.0,0.15,1.0,0.062,0.9109999999999999,0.371,0.068,0.155,0.28600000000000003,0.2,Coney Island,BK21,"{'lat': 40.57788, 'lng': -73.99403}"
9,1.0,1.0,1.0,1.0,1.0,1.0,1.0,0.15,1.0,0.018000000000000002,0.9259999999999999,0.147,0.016,0.10300000000000001,0.068,0.085,West Brighton,BK23,"{'lat': 40.5775, 'lng': -73.9725}"
10,1.0,1.0,1.0,1.0,1.0,1.0,1.0,0.45,1.0,0.08900000000000001,0.899,0.17800000000000002,0.03,0.073,0.156,0.09300000000000001,Homecrest,BK25,"{'lat': 39.09039, 'lng': -77.05526}"
11,1.0,1.0,1.0,1.0,1.0,1.0,0.4,0.15,1.0,0.09,0.8690000000000001,0.237,0.032,0.098,0.239,0.11900000000000001,Gravesend,BK26,"{'lat': 51.44138, 'lng': 0.37371}"
12,1.0,1.0,1.0,1.0,1.0,1.0,1.0,0.2,1.0,0.09300000000000001,0.884,0.158,0.023,0.046,0.25,0.079,Bath Beach,BK27,"{'lat': 40.60455, 'lng': -74.00431}"
15,1.0,1.0,1.0,1.0,1.0,1.0,1.0,0.2,1.0,0.136,0.8959999999999999,0.16,0.022000000000000002,0.040999999999999995,0.301,0.08900000000000001,Dyker Heights,BK30,"{'lat': 40.62149, 'lng': -74.00958}"
16,1.0,1.0,1.0,1.0,1.0,1.0,1.0,0.15,1.0,0.094,0.8959999999999999,0.17,0.022000000000000002,0.057,0.14300000000000002,0.087,Bay Ridge,BK31,"{'lat': 40.63399, 'lng': -74.01458}"
18,1.0,1.0,1.0,1.0,1.0,1.0,1.0,0.2,1.0,0.038,0.9109999999999999,0.151,0.044000000000000004,0.115,0.11800000000000001,0.08199999999999999,Carroll Gardens,BK33,"{'lat': 40.67949, 'lng': -73.99916}"
19,0.4,1.0,1.0,1.0,1.0,1.0,1.0,0.1,1.0,0.038,0.9109999999999999,0.151,0.044000000000000004,0.115,0.11800000000000001,0.08199999999999999,Columbia Street,BK33,"{'lat': 14.59418, 'lng': 121.05732}"
20,0.1,1.0,0.4,0.55,0.75,1.0,0.8,0.0,1.0,0.038,0.9109999999999999,0.151,0.044000000000000004,0.115,0.11800000000000001,0.08199999999999999,Red Hook,BK33,"{'lat': 41.99509, 'lng': -73.87541}"
22,1.0,1.0,1.0,1.0,1.0,1.0,1.0,0.2,1.0,0.067,0.862,0.289,0.096,0.161,0.24,0.17,Stuyvesant Heights,BK35,"{'lat': 40.68266, 'lng': -73.93402}"
23,1.0,1.0,1.0,1.0,1.0,1.0,1.0,0.2,1.0,0.040999999999999995,0.9079999999999999,0.076,0.028999999999999998,0.10099999999999999,0.075,0.061,Park Slope,BK37,"{'lat': 40.6701, 'lng': -73.98597}"
24,1.0,1.0,1.0,1.0,1.0,1.0,1.0,0.2,1.0,0.040999999999999995,0.9079999999999999,0.076,0.028999999999999998,0.10099999999999999,0.075,0.061,Gowanus,BK37,"{'lat': 40.67328, 'lng': -73.99037}"
25,1.0,1.0,1.0,1.0,1.0,1.0,1.0,0.2,1.0,0.067,0.917,0.212,0.07,0.222,0.146,0.096,DUMBO,BK38,"{'lat': 40.70257, 'lng': -73.99045}"
26,0.0,1.0,0.9,0.25,0.25,1.0,0.6,0.0,1.0,0.067,0.917,0.212,0.07,0.222,0.146,0.096,Vinegar Hill,BK38,"{'lat': 38.03097, 'lng': -78.48696}"
27,1.0,1.0,1.0,1.0,1.0,1.0,1.0,0.2,1.0,0.067,0.917,0.212,0.07,0.222,0.146,0.096,Downtown Brooklyn,BK38,"{'lat': 40.69371, 'lng': -73.98596}"
28,1.0,1.0,1.0,1.0,1.0,1.0,1.0,0.2,1.0,0.067,0.917,0.212,0.07,0.222,0.146,0.096,Boerum Hill,BK38,"{'lat': 40.6848, 'lng': -73.98447}"
29,0.1,1.0,1.0,1.0,1.0,1.0,1.0,0.0,1.0,0.032,0.934,0.102,0.02,0.047,0.095,0.062,Windsor Terrace,BK40,"{'lat': 37.04042, 'lng': -76.37245}"
30,1.0,1.0,1.0,1.0,1.0,1.0,0.4,0.25,1.0,0.159,0.8420000000000001,0.254,0.028999999999999998,0.057999999999999996,0.192,0.075,Kensington,BK41,"{'lat': 51.50094, 'lng': -0.19175}"
32,1.0,1.0,1.0,1.0,1.0,1.0,1.0,0.15,1.0,0.156,0.8370000000000001,0.20600000000000002,0.033,0.092,0.203,0.106,Flatbush,BK42,"{'lat': 40.65205, 'lng': -73.95903}"
33,0.15,1.0,1.0,1.0,1.0,1.0,1.0,0.0,1.0,0.10099999999999999,0.899,0.233,0.027999999999999997,0.059000000000000004,0.139,0.091,Midwood,BK43,"{'lat': 35.22403, 'lng': -80.80507}"
34,0.1,1.0,0.55,0.95,0.9,1.0,0.65,0.0,1.0,0.07200000000000001,0.929,0.142,0.034,0.086,0.14400000000000002,0.07200000000000001,Madison,BK44,"{'lat': 43.07305, 'lng': -89.40123}"
35,0.55,1.0,1.0,1.0,1.0,1.0,0.2,0.0,1.0,0.051,0.9309999999999999,0.077,0.022000000000000002,0.08900000000000001,0.09,0.09699999999999999,Georgetown,BK45,"{'lat': 5.41123, 'lng': 100.33543}"
36,1.0,1.0,1.0,1.0,1.0,1.0,1.0,0.2,1.0,0.051,0.9309999999999999,0.077,0.022000000000000002,0.08900000000000001,0.09,0.09699999999999999,Marine Park,BK45,"{'lat': 40.59122, 'lng': -73.91069}"
37,1.0,1.0,1.0,1.0,1.0,1.0,1.0,0.2,1.0,0.051,0.9309999999999999,0.077,0.022000000000000002,0.08900000000000001,0.09,0.09699999999999999,Bergen Beach,BK45,"{'lat': 40.62038, 'lng': -73.9068}"
38,1.0,1.0,1.0,1.0,1.0,1.0,1.0,0.2,1.0,0.051,0.9309999999999999,0.077,0.022000000000000002,0.08900000000000001,0.09,0.09699999999999999,Mill Basin,BK45,"{'lat': 40.61008, 'lng': -73.91109}"
40,1.0,1.0,1.0,1.0,1.0,1.0,1.0,0.15,1.0,0.11199999999999999,0.887,0.152,0.048,0.10099999999999999,0.163,0.09699999999999999,Canarsie,BK50,"{'lat': 40.64372, 'lng': -73.90069}"
41,1.0,1.0,1.0,1.0,1.0,1.0,1.0,0.2,1.0,0.087,0.905,0.114,0.043,0.09,0.136,0.10300000000000001,Flatlands,BK58,"{'lat': 40.62122, 'lng': -73.93486}"
42,1.0,1.0,1.0,1.0,1.0,1.0,1.0,0.2,1.0,0.11599999999999999,0.8490000000000001,0.23399999999999999,0.055999999999999994,0.12300000000000001,0.182,0.151,Prospect Lefferts Gardens,BK60,"{'lat': 40.65898, 'lng': -73.95049}"
43,0.15,1.0,1.0,1.0,1.0,1.0,0.65,0.0,1.0,0.11599999999999999,0.8490000000000001,0.23399999999999999,0.055999999999999994,0.12300000000000001,0.182,0.151,Wingate,BK60,"{'lat': 34.98432, 'lng': -80.44923}"
46,0.6,1.0,1.0,1.0,1.0,1.0,1.0,0.15,1.0,0.031,0.909,0.099,0.034,0.10300000000000001,0.071,0.064,Prospect Heights,BK64,"{'lat': 42.0953, 'lng': -87.93757}"
47,1.0,1.0,1.0,1.0,1.0,1.0,1.0,0.2,1.0,0.046,0.888,0.24100000000000002,0.071,0.233,0.18100000000000002,0.133,Fort Greene,BK68,"{'lat': 40.69371, 'lng': -73.96708}"
48,1.0,1.0,1.0,1.0,1.0,1.0,1.0,0.2,1.0,0.051,0.875,0.19399999999999998,0.064,0.139,0.087,0.08900000000000001,Clinton Hill,BK69,"{'lat': 40.68972, 'lng': -73.96528}"
49,0.0,1.0,0.0,0.4,0.1,1.0,0.1,0.0,0.6,0.253,0.948,0.565,0.015,0.051,0.305,0.057999999999999996,Williamsburg,BK72,"{'lat': 44.77361, 'lng': -85.40396}"
50,0.0,0.4,0.0,0.05,0.0,0.5,0.0,0.0,0.1,0.08900000000000001,0.862,0.225,0.057,0.163,0.165,0.071,North Side,BK73,"{'lat': 19.35, 'lng': -81.2}"
51,0.15,1.0,0.7,0.55,0.7,1.0,0.5,0.0,1.0,0.08900000000000001,0.862,0.225,0.057,0.163,0.165,0.071,South Side,BK73,"{'lat': 29.44386, 'lng': -82.25427}"
52,0.4,1.0,1.0,1.0,1.0,1.0,1.0,0.0,1.0,0.11900000000000001,0.89,0.34299999999999997,0.083,0.13699999999999998,0.225,0.132,Bedford,BK75,"{'lat': 32.84402, 'lng': -97.14307}"
53,1.0,1.0,1.0,1.0,1.0,1.0,1.0,0.2,1.0,0.039,0.8109999999999999,0.125,0.044000000000000004,0.092,0.094,0.069,Greenpoint,BK76,"{'lat': 40.72371, 'lng': -73.95097}"
56,1.0,1.0,1.0,1.0,1.0,1.0,1.0,0.2,1.0,0.092,0.8590000000000001,0.3,0.121,0.19699999999999998,0.268,0.131,Ocean Hill,BK79,"{'lat': 40.67417, 'lng': -73.91167}"
57,0.05,1.0,0.2,0.25,0.0,1.0,0.1,0.0,1.0,0.08,0.875,0.4,0.10099999999999999,0.161,0.272,0.151,Brownsville,BK81,"{'lat': 25.90175, 'lng': -97.49748}"
58,1.0,1.0,1.0,1.0,1.0,1.0,1.0,0.25,1.0,0.136,0.89,0.332,0.091,0.19,0.221,0.139,East New York,BK82,"{'lat': 40.66677, 'lng': -73.88236}"
59,1.0,1.0,1.0,1.0,1.0,1.0,1.0,0.25,1.0,0.23199999999999998,0.845,0.302,0.067,0.134,0.285,0.086,Cypress Hills,BK83,"{'lat': 40.67705, 'lng': -73.89125}"
60,1.0,1.0,1.0,1.0,1.0,1.0,1.0,0.25,1.0,0.23199999999999998,0.845,0.302,0.067,0.134,0.285,0.086,City Line,BK83,"{'lat': 40.67621, 'lng': -73.88708}"
62,1.0,1.0,1.0,1.0,1.0,1.0,1.0,0.2,1.0,0.23600000000000002,0.9009999999999999,0.373,0.02,0.036000000000000004,0.285,0.063,Borough Park,BK88,"{'lat': 40.63399, 'lng': -73.99681}"
64,1.0,1.0,1.0,1.0,1.0,1.0,1.0,0.2,1.0,0.077,0.8809999999999999,0.124,0.055999999999999994,0.113,0.125,0.102,East Flatbush,BK91,"{'lat': 40.65371, 'lng': -73.93042}"
65,0.1,1.0,1.0,0.9,1.0,1.0,1.0,0.0,1.0,0.077,0.8809999999999999,0.124,0.055999999999999994,0.113,0.125,0.102,Farragut,BK91,"{'lat': 35.88452, 'lng': -84.15353}"
66,1.0,1.0,1.0,1.0,1.0,1.0,1.0,0.25,1.0,0.057,0.9520000000000001,0.32,0.023,0.08800000000000001,0.205,0.156,Starrett City,BK93,"{'lat': 40.66677, 'lng': -73.88236}"
67,0.0,1.0,0.85,0.0,0.0,0.2,0.0,0.0,0.2,0.127,0.823,0.23,0.09,0.165,0.192,0.14300000000000002,Erasmus,BK95,"{'lat': -25.81015, 'lng': 28.74248}"
68,0.0,0.0,0.0,0.0,0.0,0.05,0.0,0.0,0.0,0.087,0.846,0.18600000000000003,0.06,0.114,0.17600000000000002,0.114,Rugby,BK96,"{'lat': 48.36889, 'lng': -99.99625}"
71,1.0,1.0,1.0,1.0,1.0,1.0,1.0,0.35,1.0,0.163,0.877,0.506,0.067,0.134,0.39899999999999997,0.217,Claremont,BX01,"{'lat': 34.09668, 'lng': -117.71978}"
72,0.15,1.0,1.0,0.45,0.7,1.0,0.05,0.0,1.0,0.163,0.877,0.506,0.067,0.134,0.39899999999999997,0.217,Bathgate,BX01,"{'lat': 55.90204, 'lng': -3.64398}"
73,1.0,1.0,1.0,1.0,1.0,1.0,1.0,0.25,1.0,0.073,0.892,0.18,0.049,0.085,0.196,0.14400000000000002,Eastchester,BX03,"{'lat': 40.95754, 'lng': -73.80976}"
75,1.0,1.0,1.0,1.0,1.0,1.0,1.0,0.25,1.0,0.073,0.892,0.18,0.049,0.085,0.196,0.14400000000000002,Baychester,BX03,"{'lat': 40.86121, 'lng': -73.84125}"
76,0.6,1.0,1.0,1.0,1.0,1.0,1.0,0.15,1.0,0.168,0.8220000000000001,0.335,0.059000000000000004,0.134,0.341,0.162,Bedford Park,BX05,"{'lat': 41.76281, 'lng': -87.80006}"
78,0.15,1.0,0.45,1.0,1.0,1.0,1.0,0.0,1.0,0.151,0.83,0.461,0.07200000000000001,0.147,0.391,0.12,Belmont,BX06,"{'lat': 43.07558, 'lng': -85.6092}"
79,1.0,1.0,1.0,1.0,1.0,1.0,1.0,0.25,1.0,0.109,0.816,0.258,0.049,0.08800000000000001,0.27,0.146,Bronxdale,BX07,"{'lat': 40.85524, 'lng': -73.86529}"
80,1.0,1.0,1.0,1.0,1.0,1.0,1.0,0.25,1.0,0.14400000000000002,0.784,0.348,0.063,0.106,0.38299999999999995,0.142,West Farms,BX08,"{'lat': 40.83982, 'lng': -73.87764}"
81,1.0,1.0,1.0,1.0,1.0,1.0,1.0,0.25,1.0,0.14400000000000002,0.784,0.348,0.063,0.106,0.38299999999999995,0.142,Bronx River,BX08,"{'lat': 40.80816, 'lng': -73.86764}"
83,1.0,1.0,1.0,1.0,1.0,1.0,0.05,0.05,1.0,0.068,0.894,0.276,0.045,0.11199999999999999,0.259,0.11900000000000001,Castle Hill,BX09,"{'lat': -33.73333, 'lng': 151.0}"
84,1.0,1.0,1.0,1.0,1.0,1.0,1.0,0.25,1.0,0.068,0.894,0.276,0.045,0.11199999999999999,0.259,0.11900000000000001,Clason Point,BX09,"{'lat': 40.81363, 'lng': -73.86179}"
85,0.7,1.0,1.0,1.0,1.0,1.0,1.0,0.0,1.0,0.068,0.894,0.276,0.045,0.11199999999999999,0.259,0.11900000000000001,Harding Park,BX09,"{'lat': 42.4742, 'lng': -83.12743}"
86,1.0,1.0,1.0,1.0,1.0,1.0,1.0,0.25,1.0,0.024,0.9329999999999999,0.10300000000000001,0.024,0.068,0.174,0.09300000000000001,Pelham Bay,BX10,"{'lat': 40.85056, 'lng': -73.83333}"
87,0.55,1.0,1.0,1.0,1.0,1.0,1.0,0.1,1.0,0.024,0.9329999999999999,0.10300000000000001,0.024,0.068,0.174,0.09300000000000001,Country Club,BX10,"{'lat': 25.94815, 'lng': -80.317}"
88,1.0,1.0,1.0,1.0,1.0,1.0,1.0,0.25,1.0,0.024,0.9329999999999999,0.10300000000000001,0.024,0.068,0.174,0.09300000000000001,City Island,BX10,"{'lat': 40.84732, 'lng': -73.78652}"
89,0.0,0.6,0.05,0.0,0.0,0.35,0.0,0.0,0.0,0.045,0.925,0.10099999999999999,0.022000000000000002,0.08,0.16,0.124,Co,BX13,"{'lat': 4.0, 'lng': -73.25}"
90,0.0,0.25,0.05,0.0,0.0,0.35,0.0,0.0,0.0,0.045,0.925,0.10099999999999999,0.022000000000000002,0.08,0.16,0.124,op City,BX13,"{'lat': 50.66667, 'lng': 17.9}"
92,1.0,1.0,1.0,1.0,1.0,1.0,1.0,0.25,1.0,0.16699999999999998,0.84,0.359,0.068,0.10800000000000001,0.389,0.153,Concourse Village,BX14,"{'lat': 40.82361, 'lng': -73.92111}"
93,1.0,1.0,1.0,1.0,1.0,1.0,1.0,0.25,1.0,0.126,0.847,0.45299999999999996,0.065,0.153,0.409,0.233,East Tremont,BX17,"{'lat': 40.84538, 'lng': -73.89097}"
94,0.1,1.0,1.0,1.0,1.0,1.0,1.0,0.05,1.0,0.032,0.9470000000000001,0.085,0.015,0.055999999999999994,0.08,0.075,North Riverdale,BX22,"{'lat': 39.79228, 'lng': -84.21022}"
95,1.0,1.0,1.0,1.0,1.0,1.0,1.0,0.25,1.0,0.032,0.9470000000000001,0.085,0.015,0.055999999999999994,0.08,0.075,Fieldston,BX22,"{'lat': 40.89444, 'lng': -73.90333}"
96,1.0,1.0,1.0,1.0,1.0,1.0,1.0,0.2,1.0,0.032,0.9470000000000001,0.085,0.015,0.055999999999999994,0.08,0.075,Riverdale,BX22,"{'lat': 40.99399, 'lng': -74.30348}"
97,0.1,1.0,1.0,0.45,0.8,1.0,0.05,0.0,1.0,0.14800000000000002,0.853,0.43,0.06,0.08900000000000001,0.359,0.184,Highbridge,BX26,"{'lat': 51.21667, 'lng': -2.98333}"
98,0.35,1.0,1.0,1.0,1.0,1.0,1.0,0.35,1.0,0.13,0.8270000000000001,0.42700000000000005,0.14400000000000002,0.217,0.414,0.183,Hunts Point,BX27,"{'lat': 47.64343, 'lng': -122.23012}"
100,1.0,1.0,1.0,1.0,1.0,1.0,1.0,0.25,1.0,0.053,0.92,0.115,0.035,0.092,0.129,0.081,Spuyten Duyvil,BX29,"{'lat': 40.88121, 'lng': -73.91736}"
101,0.0,1.0,0.4,0.05,0.2,0.95,0.0,0.0,1.0,0.053,0.92,0.115,0.035,0.092,0.129,0.081,Kingsbridge,BX29,"{'lat': 50.28451, 'lng': -3.77638}"
103,0.0,1.0,0.2,0.25,0.25,1.0,0.2,0.05,1.0,0.065,0.909,0.129,0.025,0.069,0.217,0.141,Allerton,BX31,"{'lat': 39.9117, 'lng': -87.93642}"
105,0.15,1.0,1.0,1.0,1.0,1.0,1.0,0.0,1.0,0.136,0.835,0.385,0.08199999999999999,0.179,0.43700000000000006,0.127,Longwood,BX33,"{'lat': 28.70305, 'lng': -81.3384}"
108,1.0,1.0,1.0,1.0,1.0,1.0,1.0,0.25,1.0,0.157,0.858,0.36200000000000004,0.067,0.11800000000000001,0.374,0.158,Morrisania,BX35,"{'lat': 40.82927, 'lng': -73.90653}"
109,0.45,1.0,1.0,1.0,1.0,1.0,1.0,0.15,1.0,0.157,0.858,0.36200000000000004,0.067,0.11800000000000001,0.374,0.158,Melrose,BX35,"{'lat': 42.45843, 'lng': -71.06616}"
110,0.2,1.0,1.0,1.0,1.0,1.0,1.0,0.05,1.0,0.12300000000000001,0.8220000000000001,0.415,0.049,0.087,0.318,0.196,University Heights,BX36,"{'lat': 41.49783, 'lng': -81.53735}"
111,1.0,1.0,1.0,1.0,1.0,1.0,1.0,0.25,1.0,0.12300000000000001,0.8220000000000001,0.415,0.049,0.087,0.318,0.196,Morris Heights,BX36,"{'lat': 40.84982, 'lng': -73.91986}"
112,1.0,1.0,1.0,1.0,1.0,1.0,1.0,0.25,1.0,0.11599999999999999,0.8390000000000001,0.24600000000000002,0.047,0.113,0.255,0.14400000000000002,Van Nest,BX37,"{'lat': 40.84843, 'lng': -73.86375}"
113,0.1,1.0,1.0,1.0,1.0,1.0,1.0,0.05,1.0,0.11599999999999999,0.8390000000000001,0.24600000000000002,0.047,0.113,0.255,0.14400000000000002,Morris Park,BX37,"{'lat': 29.93854, 'lng': -90.09063}"
114,1.0,1.0,1.0,1.0,1.0,1.0,1.0,0.25,1.0,0.11599999999999999,0.8390000000000001,0.24600000000000002,0.047,0.113,0.255,0.14400000000000002,Westchester Square,BX37,"{'lat': 40.84083, 'lng': -73.84306}"
115,1.0,1.0,1.0,1.0,1.0,1.0,1.0,0.25,1.0,0.135,0.8140000000000001,0.46399999999999997,0.052000000000000005,0.154,0.429,0.14800000000000002,Mott Haven,BX39,"{'lat': 40.80899, 'lng': -73.92291}"
116,1.0,1.0,1.0,1.0,1.0,1.0,1.0,0.25,1.0,0.135,0.8140000000000001,0.46399999999999997,0.052000000000000005,0.154,0.429,0.14800000000000002,Port Morris,BX39,"{'lat': 40.80149, 'lng': -73.90958}"
118,0.05,1.0,0.0,0.05,0.0,0.8,0.0,0.0,0.55,0.187,0.8340000000000001,0.38799999999999996,0.06,0.099,0.355,0.18,Mount Hope,BX41,"{'lat': 37.89539, 'lng': -81.16427}"
119,0.35,1.0,1.0,1.0,1.0,1.0,1.0,0.15,1.0,0.172,0.846,0.294,0.055999999999999994,0.12,0.27699999999999997,0.14300000000000002,Norwood,BX43,"{'lat': 42.19454, 'lng': -71.1995}"
122,1.0,1.0,1.0,1.0,1.0,1.0,1.0,0.25,1.0,0.084,0.893,0.17,0.028999999999999998,0.08199999999999999,0.18899999999999997,0.133,Parkchester,BX46,"{'lat': 40.83899, 'lng': -73.86041}"
124,0.2,1.0,0.35,0.75,1.0,1.0,1.0,0.0,1.0,0.031,0.9,0.16,0.025,0.054000000000000006,0.18,0.099,Schuylerville,BX52,"{'lat': 43.10008, 'lng': -73.58178}"
125,1.0,1.0,1.0,1.0,1.0,1.0,1.0,0.25,1.0,0.031,0.9,0.16,0.025,0.054000000000000006,0.18,0.099,Throgs Neck,BX52,"{'lat': 40.8226, 'lng': -73.81958}"
126,0.8,1.0,1.0,1.0,1.0,1.0,1.0,0.15,1.0,0.031,0.9,0.16,0.025,0.054000000000000006,0.18,0.099,Edgewater Park,BX52,"{'lat': 40.06817, 'lng': -74.90072}"
128,0.0,1.0,0.65,0.05,1.0,1.0,0.0,0.0,1.0,0.163,0.789,0.355,0.063,0.146,0.41200000000000003,0.135,Bruckner,BX55,"{'lat': 47.83442, 'lng': 11.41299}"
129,0.6,1.0,1.0,1.0,1.0,1.0,1.0,0.15,1.0,0.121,0.857,0.228,0.052000000000000005,0.111,0.276,0.163,Westchester,BX59,"{'lat': 41.85059, 'lng': -87.882}"
130,1.0,1.0,1.0,1.0,1.0,1.0,1.0,0.25,1.0,0.121,0.857,0.228,0.052000000000000005,0.111,0.276,0.163,Unionport,BX59,"{'lat': 40.82732, 'lng': -73.85013}"
131,0.85,1.0,1.0,1.0,1.0,1.0,1.0,0.1,1.0,0.059000000000000004,0.862,0.155,0.057,0.091,0.16399999999999998,0.134,Woodlawn,BX62,"{'lat': 39.32288, 'lng': -76.72803}"
132,0.15,1.0,1.0,0.7,1.0,1.0,0.2,0.0,1.0,0.059000000000000004,0.862,0.155,0.057,0.091,0.16399999999999998,0.134,Wakefield,BX62,"{'lat': 53.68331, 'lng': -1.49768}"
135,1.0,1.0,1.0,1.0,1.0,1.0,1.0,0.25,1.0,,,,,,,,Rikers Island,BX98,"{'lat': 40.79066, 'lng': -73.88097}"
137,0.0,0.85,0.05,0.1,0.1,1.0,0.2,0.0,0.45,0.14800000000000002,0.8290000000000001,0.26899999999999996,0.036000000000000004,0.08800000000000001,0.298,0.165,Marble Hill,MN01,"{'lat': 37.30589, 'lng': -89.97038}"
138,1.0,1.0,1.0,1.0,1.0,1.0,1.0,0.25,1.0,0.14800000000000002,0.8290000000000001,0.26899999999999996,0.036000000000000004,0.08800000000000001,0.298,0.165,Inwood,MN01,"{'lat': 40.62205, 'lng': -73.7468}"
141,1.0,1.0,1.0,1.0,1.0,1.0,1.0,0.2,1.0,0.08800000000000001,0.818,0.28800000000000003,0.046,0.105,0.263,0.12,Hamilton Heights,MN04,"{'lat': 40.82444, 'lng': -73.95}"
142,1.0,1.0,1.0,1.0,1.0,1.0,1.0,0.2,1.0,0.09,0.831,0.331,0.055,0.14800000000000002,0.335,0.091,Manhattanville,MN06,"{'lat': 40.81694, 'lng': -73.95583}"
143,1.0,1.0,1.0,1.0,1.0,1.0,1.0,0.2,1.0,0.04,0.9259999999999999,0.242,0.031,0.092,0.11699999999999999,0.073,Morningside Heights,MN09,"{'lat': 40.81, 'lng': -73.9625}"
145,1.0,1.0,1.0,1.0,1.0,1.0,1.0,0.2,1.0,0.031,0.924,0.10800000000000001,0.019,0.079,0.068,0.065,Upper West Side,MN12,"{'lat': 40.78705, 'lng': -73.97542}"
147,1.0,1.0,1.0,1.0,1.0,1.0,0.4,0.25,1.0,0.04,0.93,0.126,0.044000000000000004,0.24,0.057999999999999996,0.066,Chelsea,MN13,"{'lat': 51.48755, 'lng': -0.16936}"
148,0.15,1.0,1.0,1.0,1.0,1.0,1.0,0.3,1.0,0.04,0.93,0.126,0.044000000000000004,0.24,0.057999999999999996,0.066,Flat Iron,MN13,"{'lat': 39.53228, 'lng': -84.24883}"
149,0.85,1.0,1.0,1.0,1.0,1.0,1.0,0.1,1.0,0.04,0.93,0.126,0.044000000000000004,0.24,0.057999999999999996,0.066,Union Square,MN13,"{'lat': 39.28677, 'lng': -76.64136}"
150,0.0,1.0,0.1,0.25,0.2,1.0,0.2,0.05,0.95,0.03,0.9590000000000001,0.08,0.016,0.096,0.026000000000000002,0.057,Lincoln Square,MN14,"{'lat': 40.11059, 'lng': -88.20699}"
151,0.0,1.0,0.9,1.0,0.7,1.0,1.0,0.0,1.0,0.037000000000000005,0.882,0.124,0.051,0.212,0.081,0.078,Clinton,MN15,"{'lat': 42.05754, 'lng': -83.94812}"
152,0.0,1.0,0.3,0.25,0.2,1.0,0.5,0.0,1.0,0.023,0.9359999999999999,0.134,0.19699999999999998,1.197,0.038,0.055999999999999994,Midtown,MN17,"{'lat': 35.87952, 'lng': -84.5641}"
154,0.0,1.0,1.0,0.95,0.65,1.0,1.0,0.0,1.0,0.022000000000000002,0.961,0.062,0.032,0.11900000000000001,0.02,0.043,Turtle Bay,MN19,"{'lat': 26.79923, 'lng': -82.17676}"
156,1.0,1.0,1.0,1.0,1.0,1.0,1.0,0.25,1.0,0.045,0.943,0.125,0.036000000000000004,0.138,0.045,0.055,Murray Hill,MN20,"{'lat': 40.76, 'lng': -73.81306}"
157,1.0,1.0,1.0,1.0,1.0,1.0,1.0,0.2,1.0,0.045,0.943,0.125,0.036000000000000004,0.138,0.045,0.055,Kips Bay,MN20,"{'lat': 40.73955, 'lng': -73.97708}"
158,0.0,1.0,1.0,0.2,0.45,1.0,0.7,0.0,1.0,0.036000000000000004,0.9440000000000001,0.092,0.031,0.168,0.028999999999999998,0.079,Gramercy,MN21,"{'lat': 30.04742, 'lng': -90.68981}"
159,1.0,1.0,1.0,1.0,1.0,1.0,1.0,0.2,1.0,0.03,0.903,0.147,0.038,0.174,0.067,0.053,East Village,MN22,"{'lat': 40.72927, 'lng': -73.98736}"
160,1.0,1.0,1.0,1.0,1.0,1.0,1.0,0.2,1.0,0.033,0.956,0.069,0.048,0.231,0.013999999999999999,0.053,West Village,MN23,"{'lat': 40.73361, 'lng': -74.00917}"
161,1.0,1.0,1.0,1.0,1.0,1.0,0.4,0.25,1.0,0.054000000000000006,0.94,0.1,0.06,0.22699999999999998,0.092,0.05,SoHo,MN24,"{'lat': 51.5144, 'lng': -0.13535}"
162,1.0,1.0,1.0,1.0,1.0,1.0,1.0,0.2,1.0,0.054000000000000006,0.94,0.1,0.06,0.22699999999999998,0.092,0.05,TriBeCa,MN24,"{'lat': 40.71538, 'lng': -74.00931}"
163,1.0,1.0,1.0,1.0,1.0,1.0,1.0,0.2,1.0,0.054000000000000006,0.94,0.1,0.06,0.22699999999999998,0.092,0.05,Civic Center,MN24,"{'lat': 40.71403, 'lng': -74.00283}"
164,1.0,1.0,1.0,1.0,1.0,1.0,1.0,0.05,1.0,0.054000000000000006,0.94,0.1,0.06,0.22699999999999998,0.092,0.05,Little Italy,MN24,"{'lat': 37.80076, 'lng': -122.4108}"
165,1.0,1.0,1.0,1.0,1.0,1.0,1.0,0.2,1.0,0.062,0.945,0.076,0.021,0.111,0.040999999999999995,0.043,Battery Park City,MN25,"{'lat': 40.71149, 'lng': -74.01625}"
167,1.0,1.0,1.0,1.0,1.0,1.0,1.0,0.2,1.0,0.139,0.848,0.29,0.044000000000000004,0.147,0.387,0.091,Chinatown,MN27,"{'lat': 40.716, 'lng': -73.9974}"
168,1.0,1.0,1.0,1.0,1.0,1.0,1.0,0.2,1.0,0.055,0.9,0.282,0.032,0.08900000000000001,0.309,0.11199999999999999,Lower East Side,MN28,"{'lat': 40.71594, 'lng': -73.98681}"
170,1.0,1.0,1.0,1.0,1.0,1.0,1.0,0.2,1.0,0.038,0.95,0.08199999999999999,0.017,0.057,0.036000000000000004,0.043,Roosevelt Island,MN31,"{'lat': 40.76403, 'lng': -73.9482}"
171,0.0,1.0,0.5,0.3,0.3,1.0,0.55,0.0,0.6,0.032,0.934,0.07200000000000001,0.015,0.053,0.04,0.054000000000000006,Yorkville,MN32,"{'lat': 43.11285, 'lng': -75.271}"
176,1.0,1.0,1.0,1.0,1.0,1.0,1.0,0.2,1.0,0.02,0.976,0.059000000000000004,0.016,0.13699999999999998,0.02,0.044000000000000004,Upper East Side,MN40,"{'lat': 40.77833, 'lng': -73.95189}"
177,1.0,1.0,1.0,1.0,1.0,1.0,1.0,0.2,1.0,0.02,0.976,0.059000000000000004,0.016,0.13699999999999998,0.02,0.044000000000000004,Carnegie Hill,MN40,"{'lat': 40.78333, 'lng': -73.95472}"
178,1.0,1.0,1.0,1.0,1.0,1.0,1.0,0.2,1.0,0.013999999999999999,0.932,0.111,0.003,0.031,0.024,0.046,Stuyvesant Town,MN50,"{'lat': 40.73167, 'lng': -73.97833}"
179,0.7,1.0,1.0,1.0,1.0,1.0,1.0,0.15,1.0,0.013999999999999999,0.932,0.111,0.003,0.031,0.024,0.046,Cooper Village,MN50,"{'lat': 39.82011, 'lng': -75.1174}"
184,1.0,1.0,1.0,1.0,1.0,1.0,1.0,0.25,1.0,0.07400000000000001,0.8959999999999999,0.12,0.055999999999999994,0.105,0.146,0.11699999999999999,Brookville,QN03,"{'lat': 40.81316, 'lng': -73.56735}"
185,1.0,1.0,1.0,1.0,1.0,1.0,1.0,0.25,1.0,0.065,0.8909999999999999,0.087,0.038,0.087,0.11900000000000001,0.066,Rosedale,QN05,"{'lat': 40.66205, 'lng': -73.73541}"
186,0.05,1.0,0.5,0.65,0.4,1.0,0.65,0.0,1.0,0.081,0.89,0.128,0.027000000000000003,0.08800000000000001,0.135,0.07200000000000001,Jamaica Estates,QN06,"{'lat': 33.53347, 'lng': -82.12345}"
188,1.0,1.0,1.0,1.0,1.0,1.0,1.0,0.25,1.0,0.081,0.852,0.11599999999999999,0.051,0.075,0.16899999999999998,0.151,Hollis,QN07,"{'lat': 40.71344, 'lng': -73.76708}"
189,0.0,1.0,0.25,0.15,0.25,1.0,0.7,0.05,1.0,0.062,0.8740000000000001,0.09300000000000001,0.059000000000000004,0.079,0.126,0.136,St. Albans,QN08,"{'lat': 44.81088, 'lng': -73.08319}"
190,1.0,1.0,1.0,1.0,1.0,1.0,1.0,0.15,1.0,0.04,0.925,0.076,0.036000000000000004,0.051,0.11800000000000001,0.08,Breezy Point,QN10,"{'lat': 40.55649, 'lng': -73.92625}"
191,1.0,1.0,1.0,1.0,1.0,1.0,1.0,0.15,1.0,0.04,0.925,0.076,0.036000000000000004,0.051,0.11800000000000001,0.08,Belle Harbor,QN10,"{'lat': 40.57594, 'lng': -73.84819}"
192,1.0,1.0,1.0,1.0,1.0,1.0,1.0,0.2,1.0,0.04,0.925,0.076,0.036000000000000004,0.051,0.11800000000000001,0.08,Rockaway Park,QN10,"{'lat': 40.58011, 'lng': -73.83625}"
193,1.0,1.0,1.0,1.0,1.0,1.0,1.0,0.25,1.0,0.04,0.925,0.076,0.036000000000000004,0.051,0.11800000000000001,0.08,Broad Channel,QN10,"{'lat': 40.60316, 'lng': -73.82041}"
195,1.0,1.0,1.0,1.0,1.0,1.0,1.0,0.2,1.0,0.063,0.884,0.26,0.07,0.08800000000000001,0.255,0.147,Arverne,QN12,"{'lat': 40.59122, 'lng': -73.79597}"
196,0.8,1.0,1.0,1.0,1.0,1.0,1.0,0.1,1.0,0.063,0.884,0.26,0.07,0.08800000000000001,0.255,0.147,Edgemere,QN12,"{'lat': 39.24205, 'lng': -76.44802}"
197,1.0,1.0,1.0,1.0,1.0,1.0,1.0,0.2,1.0,0.11800000000000001,0.865,0.23199999999999998,0.055999999999999994,0.076,0.29100000000000004,0.102,Far Rockaway,QN15,"{'lat': 40.60538, 'lng': -73.75513}"
198,1.0,1.0,1.0,1.0,1.0,1.0,0.4,0.25,1.0,0.11800000000000001,0.865,0.23199999999999998,0.055999999999999994,0.076,0.29100000000000004,0.102,Bayswater,QN15,"{'lat': 51.51116, 'lng': -0.18426}"
199,1.0,1.0,1.0,1.0,1.0,1.0,1.0,0.25,1.0,0.051,0.9129999999999999,0.102,0.015,0.052000000000000005,0.07400000000000001,0.068,Forest Hills,QN17,"{'lat': 40.71621, 'lng': -73.85014}"
200,1.0,1.0,1.0,1.0,1.0,1.0,1.0,0.25,1.0,0.049,0.865,0.10099999999999999,0.027000000000000003,0.069,0.10099999999999999,0.077,Rego Park,QN18,"{'lat': 40.72649, 'lng': -73.85264}"
201,0.45,1.0,1.0,1.0,1.0,1.0,1.0,0.0,1.0,0.035,0.879,0.12,0.024,0.062,0.16399999999999998,0.08,Glendale,QN19,"{'lat': 33.53865, 'lng': -112.18599}"
202,1.0,1.0,1.0,1.0,1.0,1.0,1.0,0.2,1.0,0.077,0.79,0.201,0.040999999999999995,0.09,0.23,0.081,Ridgewood,QN20,"{'lat': 40.7001, 'lng': -73.90569}"
203,1.0,1.0,1.0,1.0,1.0,1.0,1.0,0.25,1.0,0.028999999999999998,0.907,0.09,0.012,0.057,0.149,0.079,Middle Village,QN21,"{'lat': 40.71649, 'lng': -73.88125}"
204,1.0,1.0,1.0,1.0,1.0,1.0,1.0,0.25,1.0,0.158,0.7509999999999999,0.23600000000000002,0.036000000000000004,0.09300000000000001,0.262,0.083,Flushing,QN22,"{'lat': 40.76538, 'lng': -73.81736}"
205,1.0,1.0,1.0,1.0,1.0,1.0,1.0,0.25,1.0,0.084,0.81,0.129,0.043,0.048,0.21100000000000002,0.092,College Point,QN23,"{'lat': 40.7876, 'lng': -73.84597}"
206,1.0,1.0,1.0,1.0,1.0,1.0,1.0,0.35,1.0,0.204,0.727,0.239,0.035,0.047,0.33799999999999997,0.075,Corona,QN25,"{'lat': 33.87529, 'lng': -117.56644}"
208,1.0,1.0,1.0,1.0,1.0,1.0,1.0,0.25,1.0,0.157,0.7390000000000001,0.20600000000000002,0.052000000000000005,0.08900000000000001,0.25,0.091,East Elmhurst,QN27,"{'lat': 40.76121, 'lng': -73.86514}"
209,1.0,1.0,1.0,1.0,1.0,1.0,1.0,0.25,1.0,0.14300000000000002,0.767,0.184,0.032,0.085,0.23600000000000002,0.094,Jackson Heights,QN28,"{'lat': 40.75566, 'lng': -73.88541}"
210,0.6,1.0,1.0,1.0,1.0,1.0,1.0,0.15,1.0,0.214,0.726,0.205,0.031,0.076,0.306,0.062,Elmhurst,QN29,"{'lat': 41.89947, 'lng': -87.94034}"
211,1.0,1.0,1.0,1.0,1.0,1.0,1.0,0.25,1.0,0.049,0.83,0.12,0.043,0.065,0.157,0.09,Maspeth,QN30,"{'lat': 40.72316, 'lng': -73.91264}"
212,0.0,1.0,0.4,0.5,0.35,1.0,0.35,0.0,0.5,0.10300000000000001,0.784,0.142,0.032,0.095,0.163,0.065,Hunters Point,QN31,"{'lat': 32.30153, 'lng': -86.23663}"
213,1.0,1.0,1.0,1.0,1.0,1.0,1.0,0.2,1.0,0.10300000000000001,0.784,0.142,0.032,0.095,0.163,0.065,Sunnyside,QN31,"{'lat': 40.61622, 'lng': -74.10375}"
215,1.0,1.0,1.0,1.0,1.0,1.0,1.0,0.25,1.0,0.027999999999999997,0.895,0.048,0.03,0.063,0.10099999999999999,0.067,Cambria Heights,QN33,"{'lat': 40.69455, 'lng': -73.73847}"
216,1.0,1.0,1.0,1.0,1.0,1.0,1.0,0.25,1.0,0.061,0.86,0.10800000000000001,0.025,0.07200000000000001,0.171,0.13,Queens Village,QN34,"{'lat': 40.72677, 'lng': -73.74152}"
217,1.0,1.0,1.0,1.0,1.0,1.0,1.0,0.25,1.0,0.111,0.8009999999999999,0.158,0.019,0.075,0.158,0.129,Briarwood,QN35,"{'lat': 40.71734, 'lng': -73.82675}"
218,0.2,1.0,1.0,1.0,1.0,1.0,1.0,0.0,1.0,0.111,0.8009999999999999,0.158,0.019,0.075,0.158,0.129,Jamaica Hills,QN35,"{'lat': 14.17338, 'lng': 121.21895}"
219,1.0,1.0,1.0,1.0,1.0,1.0,1.0,0.25,1.0,0.099,0.9059999999999999,0.138,0.017,0.05,0.122,0.08199999999999999,Kew Gardens Hills,QN37,"{'lat': 40.73002, 'lng': -73.8234}"
222,1.0,1.0,1.0,1.0,1.0,1.0,1.0,0.2,1.0,0.069,0.914,0.205,0.025,0.055999999999999994,0.142,0.125,Hillcrest,QN38,"{'lat': 41.12787, 'lng': -74.04097}"
223,1.0,1.0,1.0,1.0,1.0,1.0,1.0,0.25,1.0,0.08,0.855,0.129,0.015,0.05,0.12300000000000001,0.10400000000000001,Fresh Meadows,QN41,"{'lat': 40.73482, 'lng': -73.79347}"
224,0.0,0.15,0.0,0.0,0.0,0.05,0.0,0.0,0.05,0.08,0.855,0.129,0.015,0.05,0.12300000000000001,0.10400000000000001,Utopia,QN41,"{'lat': 29.61523, 'lng': -99.52699}"
225,1.0,1.0,1.0,1.0,1.0,1.0,1.0,0.25,1.0,0.03,0.884,0.09300000000000001,0.018000000000000002,0.046,0.08800000000000001,0.066,Oakland Gardens,QN42,"{'lat': 40.75399, 'lng': -73.76597}"
226,1.0,1.0,1.0,1.0,1.0,1.0,1.0,0.25,1.0,0.035,0.91,0.105,0.015,0.051,0.128,0.067,Bellerose,QN43,"{'lat': 40.72427, 'lng': -73.71513}"
227,1.0,1.0,1.0,1.0,1.0,1.0,1.0,0.25,1.0,0.016,0.927,0.075,0.015,0.042,0.09300000000000001,0.087,Glen Oaks,QN44,"{'lat': 40.74705, 'lng': -73.71152}"
228,1.0,1.0,1.0,1.0,1.0,1.0,1.0,0.25,1.0,0.016,0.927,0.075,0.015,0.042,0.09300000000000001,0.087,Floral Park,QN44,"{'lat': 40.72371, 'lng': -73.70485}"
229,1.0,1.0,1.0,1.0,1.0,1.0,1.0,0.25,1.0,0.016,0.927,0.075,0.015,0.042,0.09300000000000001,0.087,New Hyde Park,QN44,"{'lat': 40.7351, 'lng': -73.68791}"
231,1.0,1.0,1.0,1.0,1.0,1.0,1.0,0.25,1.0,0.034,0.893,0.07400000000000001,0.025,0.04,0.09300000000000001,0.07,Douglaston,QN45,"{'lat': 40.76871, 'lng': -73.74708}"
232,1.0,1.0,1.0,1.0,1.0,1.0,1.0,0.25,1.0,0.034,0.893,0.07400000000000001,0.025,0.04,0.09300000000000001,0.07,Little Neck,QN45,"{'lat': 40.76205, 'lng': -73.73819}"
233,1.0,1.0,1.0,1.0,1.0,1.0,1.0,0.25,1.0,0.027000000000000003,0.893,0.073,0.023,0.062,0.115,0.084,Bayside,QN46,"{'lat': 40.76844, 'lng': -73.77708}"
235,0.0,0.15,0.0,0.0,0.0,0.25,0.05,0.0,0.0,0.023,0.94,0.07200000000000001,0.01,0.027999999999999997,0.08800000000000001,0.102,Ft. Totten,QN47,"{'lat': 47.98, 'lng': -98.9929}"
236,0.1,1.0,1.0,0.65,1.0,1.0,1.0,0.0,1.0,0.023,0.94,0.07200000000000001,0.01,0.027999999999999997,0.08800000000000001,0.102,Bay Terrace,QN47,"{'lat': 38.5504, 'lng': -76.5619}"
237,0.25,1.0,1.0,1.0,1.0,1.0,1.0,0.5,1.0,0.023,0.94,0.07200000000000001,0.01,0.027999999999999997,0.08800000000000001,0.102,Clearview,QN47,"{'lat': 47.83371, 'lng': -122.12596}"
238,0.45,1.0,1.0,1.0,1.0,1.0,1.0,0.15,1.0,0.022000000000000002,0.873,0.08,0.03,0.048,0.155,0.078,Auburndale,QN48,"{'lat': 42.34732, 'lng': -71.2495}"
239,1.0,1.0,1.0,1.0,1.0,1.0,1.0,0.25,1.0,0.027999999999999997,0.905,0.066,0.019,0.051,0.136,0.076,Whitestone,QN49,"{'lat': 40.79455, 'lng': -73.81847}"
240,0.6,1.0,1.0,1.0,1.0,1.0,1.0,0.15,1.0,0.15,0.763,0.141,0.036000000000000004,0.078,0.23800000000000002,0.054000000000000006,Elmhurst,QN50,"{'lat': 41.89947, 'lng': -87.94034}"
241,1.0,1.0,1.0,1.0,1.0,1.0,1.0,0.25,1.0,0.15,0.763,0.141,0.036000000000000004,0.078,0.23800000000000002,0.054000000000000006,Maspeth,QN50,"{'lat': 40.72316, 'lng': -73.91264}"
242,1.0,1.0,1.0,1.0,1.0,1.0,1.0,0.25,1.0,0.10300000000000001,0.784,0.156,0.022000000000000002,0.043,0.20800000000000002,0.08,Murray Hill,QN51,"{'lat': 40.76, 'lng': -73.81306}"
244,1.0,1.0,1.0,1.0,1.0,1.0,1.0,0.25,1.0,0.1,0.845,0.156,0.031,0.084,0.235,0.11699999999999999,Woodhaven,QN53,"{'lat': 40.68927, 'lng': -73.85791}"
245,1.0,1.0,1.0,1.0,1.0,1.0,1.0,0.45,1.0,0.115,0.816,0.162,0.044000000000000004,0.092,0.263,0.102,Richmond Hill,QN54,"{'lat': 43.87111, 'lng': -79.43725}"
246,1.0,1.0,1.0,1.0,1.0,1.0,1.0,0.25,1.0,0.096,0.815,0.141,0.037000000000000005,0.105,0.254,0.11599999999999999,South Ozone Park,QN55,"{'lat': 40.6701, 'lng': -73.81902}"
247,1.0,1.0,1.0,1.0,1.0,1.0,1.0,0.25,1.0,0.071,0.871,0.161,0.039,0.12300000000000001,0.213,0.111,Ozone Park,QN56,"{'lat': 40.67677, 'lng': -73.84375}"
248,0.05,1.0,0.05,0.6,0.5,1.0,0.45,0.0,1.0,0.027999999999999997,0.9329999999999999,0.08900000000000001,0.016,0.07400000000000001,0.141,0.095,Lindenwood,QN57,"{'lat': 42.05308, 'lng': -89.03065}"
249,1.0,1.0,1.0,1.0,1.0,1.0,1.0,0.25,1.0,0.027999999999999997,0.9329999999999999,0.08900000000000001,0.016,0.07400000000000001,0.141,0.095,Howard Beach,QN57,"{'lat': 40.65788, 'lng': -73.83625}"
250,1.0,1.0,1.0,1.0,1.0,1.0,1.0,0.25,1.0,0.062,0.903,0.11800000000000001,0.028999999999999998,0.051,0.106,0.076,Kew Gardens,QN60,"{'lat': 40.71427, 'lng': -73.83097}"
251,0.1,1.0,0.7,0.2,0.25,0.95,0.1,0.0,0.5,0.21,0.7879999999999999,0.245,0.057999999999999996,0.18100000000000002,0.324,0.13699999999999998,Jamaica,QN61,"{'lat': 18.16667, 'lng': -77.25}"
253,1.0,1.0,1.0,1.0,1.0,1.0,1.0,0.25,1.0,0.156,0.764,0.14800000000000002,0.03,0.076,0.22399999999999998,0.075,Woodside,QN63,"{'lat': 40.74538, 'lng': -73.90541}"
254,1.0,1.0,1.0,1.0,1.0,1.0,1.0,0.25,1.0,0.047,0.892,0.055,0.049,0.07200000000000001,0.126,0.081,Laurelton,QN66,"{'lat': 40.66677, 'lng': -73.75152}"
256,0.0,1.0,0.25,0.15,0.1,0.95,0.1,0.1,0.4,0.084,0.818,0.34,0.067,0.149,0.284,0.156,Ravenswood,QN68,"{'lat': 38.94814, 'lng': -81.76096}"
257,1.0,1.0,1.0,1.0,1.0,1.0,1.0,0.2,1.0,0.084,0.818,0.34,0.067,0.149,0.284,0.156,Long Island City,QN68,"{'lat': 40.74482, 'lng': -73.94875}"
258,1.0,1.0,1.0,1.0,1.0,1.0,1.0,0.25,1.0,0.063,0.813,0.161,0.042,0.076,0.161,0.096,Astoria,QN70,"{'lat': 40.77205, 'lng': -73.93014}"
260,1.0,1.0,1.0,1.0,1.0,1.0,1.0,0.25,1.0,0.055,0.845,0.126,0.035,0.054000000000000006,0.15,0.092,Steinway,QN72,"{'lat': 40.77455, 'lng': -73.90375}"
262,0.35,1.0,1.0,1.0,1.0,1.0,1.0,0.0,1.0,,,,,,,,Airport,QN98,"{'lat': 38.74113, 'lng': -90.36562}"
264,1.0,1.0,1.0,1.0,1.0,1.0,1.0,0.15,1.0,0.011000000000000001,0.9620000000000001,0.07,0.015,0.026000000000000002,0.08900000000000001,0.055999999999999994,Annadale,SI01,"{'lat': 40.54455, 'lng': -74.17653}"
265,0.0,1.0,0.45,0.25,0.55,1.0,0.65,0.0,1.0,0.011000000000000001,0.9620000000000001,0.07,0.015,0.026000000000000002,0.08900000000000001,0.055999999999999994,Huguenot,SI01,"{'lat': 41.41787, 'lng': -74.63099}"
266,1.0,1.0,1.0,1.0,1.0,1.0,1.0,0.15,1.0,0.011000000000000001,0.9620000000000001,0.07,0.015,0.026000000000000002,0.08900000000000001,0.055999999999999994,Prince's Bay,SI01,"{'lat': 40.52899, 'lng': -74.19764}"
267,1.0,1.0,1.0,1.0,1.0,1.0,1.0,0.15,1.0,0.011000000000000001,0.9620000000000001,0.07,0.015,0.026000000000000002,0.08900000000000001,0.055999999999999994,Eltingville,SI01,"{'lat': 40.54538, 'lng': -74.1657}"
268,1.0,1.0,1.0,1.0,1.0,1.0,1.0,0.15,1.0,0.028999999999999998,0.9359999999999999,0.083,0.016,0.04,0.105,0.069,New Springville,SI05,"{'lat': 40.59344, 'lng': -74.1632}"
269,1.0,1.0,1.0,1.0,1.0,1.0,1.0,0.2,1.0,0.028999999999999998,0.9359999999999999,0.083,0.016,0.04,0.105,0.069,Bloomfield,SI05,"{'lat': 40.80677, 'lng': -74.18542}"
270,0.15,1.0,1.0,1.0,1.0,1.0,1.0,0.05,1.0,0.028999999999999998,0.9359999999999999,0.083,0.016,0.04,0.105,0.069,Travis,SI05,"{'lat': 30.33469, 'lng': -97.78195}"
271,1.0,1.0,1.0,1.0,1.0,1.0,1.0,0.2,1.0,0.011000000000000001,0.956,0.076,0.022000000000000002,0.04,0.078,0.07,Westerleigh,SI07,"{'lat': 40.62121, 'lng': -74.13181}"
272,1.0,1.0,1.0,1.0,1.0,1.0,1.0,0.2,1.0,0.076,0.9059999999999999,0.209,0.032,0.049,0.19,0.11,Grymes Hill,SI08,"{'lat': 40.61872, 'lng': -74.09348}"
273,1.0,1.0,1.0,1.0,1.0,1.0,1.0,0.2,1.0,0.076,0.9059999999999999,0.209,0.032,0.049,0.19,0.11,Clifton,SI08,"{'lat': 40.85843, 'lng': -74.16376}"
274,0.75,1.0,1.0,1.0,1.0,1.0,1.0,0.4,1.0,0.076,0.9059999999999999,0.209,0.032,0.049,0.19,0.11,Fox Hills,SI08,"{'lat': 39.04039, 'lng': -77.17109}"
275,0.15,1.0,1.0,0.6,0.5,1.0,1.0,0.0,1.0,0.026000000000000002,0.937,0.055,0.022000000000000002,0.034,0.087,0.061,Charleston,SI11,"{'lat': 32.77657, 'lng': -79.93092}"
276,0.0,0.45,0.3,0.0,0.0,0.2,0.0,0.0,0.0,0.026000000000000002,0.937,0.055,0.022000000000000002,0.034,0.087,0.061,Richmond Valley,SI11,"{'lat': -29.02684, 'lng': 153.08625}"
277,1.0,1.0,1.0,1.0,1.0,1.0,1.0,0.15,1.0,0.026000000000000002,0.937,0.055,0.022000000000000002,0.034,0.087,0.061,Tottenville,SI11,"{'lat': 40.51122, 'lng': -74.24931}"
278,1.0,1.0,1.0,1.0,1.0,1.0,1.0,0.2,1.0,0.078,0.887,0.21100000000000002,0.036000000000000004,0.069,0.17300000000000001,0.086,Mariner's Harbor,SI12,"{'lat': 40.63677, 'lng': -74.15875}"
279,0.3,1.0,1.0,1.0,1.0,1.0,1.0,0.0,1.0,0.078,0.887,0.21100000000000002,0.036000000000000004,0.069,0.17300000000000001,0.086,Arlington,SI12,"{'lat': 32.73569, 'lng': -97.10807}"
280,1.0,1.0,1.0,1.0,1.0,1.0,1.0,0.2,1.0,0.078,0.887,0.21100000000000002,0.036000000000000004,0.069,0.17300000000000001,0.086,Port Ivory,SI12,"{'lat': 40.64094, 'lng': -74.18014}"
281,0.05,1.0,0.5,0.7,0.4,1.0,0.65,0.0,1.0,0.078,0.887,0.21100000000000002,0.036000000000000004,0.069,0.17300000000000001,0.086,Graniteville,SI12,"{'lat': 33.56375, 'lng': -81.80789}"
282,0.0,1.0,0.7,0.0,0.15,1.0,0.0,0.0,0.7,0.065,0.9179999999999999,0.122,0.031,0.046,0.141,0.08800000000000001,Grasmere,SI14,"{'lat': 54.45836, 'lng': -3.02519}"
283,0.0,1.0,1.0,0.3,0.1,1.0,0.0,0.0,0.7,0.065,0.9179999999999999,0.122,0.031,0.046,0.141,0.08800000000000001,Arrochar,SI14,"{'lat': 56.19609, 'lng': -4.74559}"
284,1.0,1.0,1.0,1.0,1.0,1.0,1.0,0.2,1.0,0.065,0.9179999999999999,0.122,0.031,0.046,0.141,0.08800000000000001,Ft. Wadsworth,SI14,"{'lat': 40.60899, 'lng': -74.06264}"
285,1.0,1.0,1.0,1.0,1.0,1.0,1.0,0.2,1.0,0.078,0.888,0.27699999999999997,0.065,0.10300000000000001,0.16399999999999998,0.099,West New Brighton,SI22,"{'lat': 40.63455, 'lng': -74.11209}"
286,0.2,1.0,1.0,1.0,1.0,1.0,1.0,0.0,1.0,0.078,0.888,0.27699999999999997,0.065,0.10300000000000001,0.16399999999999998,0.099,New Brighton,SI22,"{'lat': 40.73034, 'lng': -80.31006}"
287,0.0,1.0,0.05,0.05,0.0,1.0,0.25,0.0,0.95,0.078,0.888,0.27699999999999997,0.065,0.10300000000000001,0.16399999999999998,0.099,St. George,SI22,"{'lat': 37.10415, 'lng': -113.58412}"
288,1.0,1.0,1.0,1.0,1.0,1.0,1.0,0.15,1.0,0.016,0.9179999999999999,0.071,0.015,0.06,0.11900000000000001,0.054000000000000006,Todt Hill,SI24,"{'lat': 40.60233, 'lng': -74.11209}"
289,1.0,1.0,1.0,1.0,1.0,1.0,1.0,0.2,1.0,0.016,0.9179999999999999,0.071,0.015,0.06,0.11900000000000001,0.054000000000000006,Emerson Hill,SI24,"{'lat': 40.60872, 'lng': -74.09598}"
290,1.0,1.0,1.0,1.0,1.0,1.0,1.0,0.15,1.0,0.016,0.9179999999999999,0.071,0.015,0.06,0.11900000000000001,0.054000000000000006,Heartland Village,SI24,"{'lat': 40.58833, 'lng': -74.15778}"
291,0.3,1.0,1.0,1.0,1.0,1.0,1.0,0.0,1.0,0.016,0.9179999999999999,0.071,0.015,0.06,0.11900000000000001,0.054000000000000006,Lighthouse Hill,SI24,"{'lat': 41.91149, 'lng': -72.66926}"
292,0.1,1.0,1.0,1.0,1.0,1.0,1.0,0.0,1.0,0.032,0.951,0.055,0.017,0.027000000000000003,0.094,0.076,Oakwood,SI25,"{'lat': 34.2276, 'lng': -83.88435}"
293,0.25,1.0,1.0,1.0,1.0,1.0,1.0,0.0,1.0,0.032,0.951,0.055,0.017,0.027000000000000003,0.094,0.076,Oakwood Beach,SI25,"{'lat': 39.55511, 'lng': -75.51853}"
294,1.0,1.0,1.0,1.0,1.0,1.0,1.0,0.2,1.0,0.054000000000000006,0.879,0.23199999999999998,0.048,0.078,0.138,0.064,Port Richmond,SI28,"{'lat': 40.63316, 'lng': -74.13653}"
295,0.05,1.0,0.5,1.0,0.65,1.0,0.9,0.0,1.0,0.008,0.9620000000000001,0.127,0.013999999999999999,0.028999999999999998,0.085,0.061,Rossville,SI32,"{'lat': 34.98313, 'lng': -85.28607}"
296,0.0,1.0,0.25,0.2,0.15,1.0,0.05,0.0,1.0,0.008,0.9620000000000001,0.127,0.013999999999999999,0.028999999999999998,0.085,0.061,Woodrow,SI32,"{'lat': 35.12766, 'lng': -77.05745}"
297,0.2,1.0,1.0,1.0,1.0,1.0,1.0,0.0,1.0,0.057999999999999996,0.8909999999999999,0.154,0.04,0.055999999999999994,0.12300000000000001,0.094,New Brighton,SI35,"{'lat': 40.73034, 'lng': -80.31006}"
298,0.0,1.0,0.15,0.55,0.0,1.0,0.1,0.0,0.75,0.057999999999999996,0.8909999999999999,0.154,0.04,0.055999999999999994,0.12300000000000001,0.094,Silver Lake,SI35,"{'lat': 41.07227, 'lng': -85.89166}"
299,0.0,0.95,0.15,0.25,0.3,1.0,0.35,0.0,0.9,0.033,0.925,0.11699999999999999,0.024,0.04,0.126,0.081,Old Town,SI36,"{'lat': 44.93423, 'lng': -68.64531}"
300,1.0,1.0,1.0,1.0,1.0,1.0,1.0,0.15,1.0,0.033,0.925,0.11699999999999999,0.024,0.04,0.126,0.081,Dongan Hills,SI36,"{'lat': 40.58844, 'lng': -74.09625}"
301,0.5,1.0,1.0,1.0,1.0,1.0,1.0,0.1,1.0,0.033,0.925,0.11699999999999999,0.024,0.04,0.126,0.081,South Beach,SI36,"{'lat': 25.7745, 'lng': -80.1329}"
302,0.0,1.0,0.85,0.4,0.35,1.0,0.45,0.0,1.0,0.071,0.85,0.198,0.063,0.094,0.19399999999999998,0.076,Stapleton,SI37,"{'lat': 30.74269, 'lng': -87.79333}"
303,0.1,1.0,1.0,1.0,1.0,1.0,0.1,0.0,1.0,0.071,0.85,0.198,0.063,0.094,0.19399999999999998,0.076,Rosebank,SI37,"{'lat': -26.14563, 'lng': 28.03589}"
304,1.0,1.0,1.0,1.0,1.0,1.0,1.0,0.15,1.0,0.037000000000000005,0.9390000000000001,0.064,0.040999999999999995,0.051,0.085,0.07400000000000001,New Dorp,SI45,"{'lat': 40.57399, 'lng': -74.11598}"
305,1.0,1.0,1.0,1.0,1.0,1.0,1.0,0.15,1.0,0.037000000000000005,0.9390000000000001,0.064,0.040999999999999995,0.051,0.085,0.07400000000000001,Midland Beach,SI45,"{'lat': 40.57316, 'lng': -74.09459}"
307,1.0,1.0,1.0,1.0,1.0,1.0,1.0,0.15,1.0,0.011000000000000001,0.945,0.08,0.012,0.03,0.08199999999999999,0.085,Great Kills,SI54,"{'lat': 40.55427, 'lng': -74.15153}"
